neg_img-0.png,0
neg_img-1.png,0
neg_img-2.png,0
neg_img-3.png,0
neg_img-4.png,0
neg_img-5.png,0
neg_img-6.png,0
neg_img-7.png,0
neg_img-8.png,0
neg_img-9.png,0
neg_img-10.png,0
neg_img-11.png,0
neg_img-12.png,0
neg_img-13.png,0
neg_img-14.png,0
neg_img-15.png,0
neg_img-16.png,0
neg_img-17.png,0
neg_img-18.png,0
neg_img-19.png,0
neg_img-20.png,0
neg_img-21.png,0
neg_img-22.png,0
neg_img-23.png,0
neg_img-24.png,0
neg_img-25.png,0
neg_img-26.png,0
neg_img-27.png,0
neg_img-28.png,0
neg_img-29.png,0
neg_img-30.png,0
neg_img-31.png,0
neg_img-32.png,0
neg_img-33.png,0
neg_img-34.png,0
neg_img-35.png,0
neg_img-36.png,0
neg_img-37.png,0
neg_img-38.png,0
neg_img-39.png,0
neg_img-40.png,0
neg_img-41.png,0
neg_img-42.png,0
neg_img-43.png,0
neg_img-44.png,0
neg_img-45.png,0
neg_img-46.png,0
neg_img-47.png,0
neg_img-48.png,0
neg_img-49.png,0
neg_img-50.png,0
neg_img-51.png,0
neg_img-52.png,0
neg_img-53.png,0
neg_img-54.png,0
neg_img-55.png,0
neg_img-56.png,0
neg_img-57.png,0
neg_img-58.png,0
neg_img-59.png,0
neg_img-60.png,0
neg_img-61.png,0
neg_img-62.png,0
neg_img-63.png,0
neg_img-64.png,0
neg_img-65.png,0
neg_img-66.png,0
neg_img-67.png,0
neg_img-68.png,0
neg_img-69.png,0
neg_img-70.png,0
neg_img-71.png,0
neg_img-72.png,0
neg_img-73.png,0
neg_img-74.png,0
neg_img-75.png,0
neg_img-76.png,0
neg_img-77.png,0
neg_img-78.png,0
neg_img-79.png,0
neg_img-80.png,0
neg_img-81.png,0
neg_img-82.png,0
neg_img-83.png,0
neg_img-84.png,0
neg_img-85.png,0
neg_img-86.png,0
neg_img-87.png,0
neg_img-88.png,0
neg_img-89.png,0
neg_img-90.png,0
neg_img-91.png,0
neg_img-92.png,0
neg_img-93.png,0
neg_img-94.png,0
neg_img-95.png,0
neg_img-96.png,0
neg_img-97.png,0
neg_img-98.png,0
neg_img-99.png,0
neg_img-100.png,0
neg_img-101.png,0
neg_img-102.png,0
neg_img-103.png,0
neg_img-104.png,0
neg_img-105.png,0
neg_img-106.png,0
neg_img-107.png,0
neg_img-108.png,0
neg_img-109.png,0
neg_img-110.png,0
neg_img-111.png,0
neg_img-112.png,0
neg_img-113.png,0
neg_img-114.png,0
neg_img-115.png,0
neg_img-116.png,0
neg_img-117.png,0
neg_img-118.png,0
neg_img-119.png,0
neg_img-120.png,0
neg_img-121.png,0
neg_img-122.png,0
neg_img-123.png,0
neg_img-124.png,0
neg_img-125.png,0
neg_img-126.png,0
neg_img-127.png,0
neg_img-128.png,0
neg_img-129.png,0
neg_img-130.png,0
neg_img-131.png,0
neg_img-132.png,0
neg_img-133.png,0
neg_img-134.png,0
neg_img-135.png,0
neg_img-136.png,0
neg_img-137.png,0
neg_img-138.png,0
neg_img-139.png,0
neg_img-140.png,0
neg_img-141.png,0
neg_img-142.png,0
neg_img-143.png,0
neg_img-144.png,0
neg_img-145.png,0
neg_img-146.png,0
neg_img-147.png,0
neg_img-148.png,0
neg_img-149.png,0
neg_img-150.png,0
neg_img-151.png,0
neg_img-152.png,0
neg_img-153.png,0
neg_img-154.png,0
neg_img-155.png,0
neg_img-156.png,0
neg_img-157.png,0
neg_img-158.png,0
neg_img-159.png,0
neg_img-160.png,0
neg_img-161.png,0
neg_img-162.png,0
neg_img-163.png,0
neg_img-164.png,0
neg_img-165.png,0
neg_img-166.png,0
neg_img-167.png,0
neg_img-168.png,0
neg_img-169.png,0
neg_img-170.png,0
neg_img-171.png,0
neg_img-172.png,0
neg_img-173.png,0
neg_img-174.png,0
neg_img-175.png,0
neg_img-176.png,0
neg_img-177.png,0
neg_img-178.png,0
neg_img-179.png,0
neg_img-180.png,0
neg_img-181.png,0
neg_img-182.png,0
neg_img-183.png,0
neg_img-184.png,0
neg_img-185.png,0
neg_img-186.png,0
neg_img-187.png,0
neg_img-188.png,0
neg_img-189.png,0
neg_img-190.png,0
neg_img-191.png,0
neg_img-192.png,0
neg_img-193.png,0
neg_img-194.png,0
neg_img-195.png,0
neg_img-196.png,0
neg_img-197.png,0
neg_img-198.png,0
neg_img-199.png,0
neg_img-200.png,0
neg_img-201.png,0
neg_img-202.png,0
neg_img-203.png,0
neg_img-204.png,0
neg_img-205.png,0
neg_img-206.png,0
neg_img-207.png,0
neg_img-208.png,0
neg_img-209.png,0
neg_img-210.png,0
neg_img-211.png,0
neg_img-212.png,0
neg_img-213.png,0
neg_img-214.png,0
neg_img-215.png,0
neg_img-216.png,0
neg_img-217.png,0
neg_img-218.png,0
neg_img-219.png,0
neg_img-220.png,0
neg_img-221.png,0
neg_img-222.png,0
neg_img-223.png,0
neg_img-224.png,0
neg_img-225.png,0
neg_img-226.png,0
neg_img-227.png,0
neg_img-228.png,0
neg_img-229.png,0
neg_img-230.png,0
neg_img-231.png,0
neg_img-232.png,0
neg_img-233.png,0
neg_img-234.png,0
neg_img-235.png,0
neg_img-236.png,0
neg_img-237.png,0
neg_img-238.png,0
neg_img-239.png,0
neg_img-240.png,0
neg_img-241.png,0
neg_img-242.png,0
neg_img-243.png,0
neg_img-244.png,0
neg_img-245.png,0
neg_img-246.png,0
neg_img-247.png,0
neg_img-248.png,0
neg_img-249.png,0
neg_img-250.png,0
neg_img-251.png,0
neg_img-252.png,0
neg_img-253.png,0
neg_img-254.png,0
neg_img-255.png,0
neg_img-256.png,0
neg_img-257.png,0
neg_img-258.png,0
neg_img-259.png,0
neg_img-260.png,0
neg_img-261.png,0
neg_img-262.png,0
neg_img-263.png,0
neg_img-264.png,0
neg_img-265.png,0
neg_img-266.png,0
neg_img-267.png,0
neg_img-268.png,0
neg_img-269.png,0
neg_img-270.png,0
neg_img-271.png,0
neg_img-272.png,0
neg_img-273.png,0
neg_img-274.png,0
neg_img-275.png,0
neg_img-276.png,0
neg_img-277.png,0
neg_img-278.png,0
neg_img-279.png,0
neg_img-280.png,0
neg_img-281.png,0
neg_img-282.png,0
neg_img-283.png,0
neg_img-284.png,0
neg_img-285.png,0
neg_img-286.png,0
neg_img-287.png,0
neg_img-288.png,0
neg_img-289.png,0
neg_img-290.png,0
neg_img-291.png,0
neg_img-292.png,0
neg_img-293.png,0
neg_img-294.png,0
neg_img-295.png,0
neg_img-296.png,0
neg_img-297.png,0
neg_img-298.png,0
neg_img-299.png,0
neg_img-300.png,0
neg_img-301.png,0
neg_img-302.png,0
neg_img-303.png,0
neg_img-304.png,0
neg_img-305.png,0
neg_img-306.png,0
neg_img-307.png,0
neg_img-308.png,0
neg_img-309.png,0
neg_img-310.png,0
neg_img-311.png,0
neg_img-312.png,0
neg_img-313.png,0
neg_img-314.png,0
neg_img-315.png,0
neg_img-316.png,0
neg_img-317.png,0
neg_img-318.png,0
neg_img-319.png,0
neg_img-320.png,0
neg_img-321.png,0
neg_img-322.png,0
neg_img-323.png,0
neg_img-324.png,0
neg_img-325.png,0
neg_img-326.png,0
neg_img-327.png,0
neg_img-328.png,0
neg_img-329.png,0
neg_img-330.png,0
neg_img-331.png,0
neg_img-332.png,0
neg_img-333.png,0
neg_img-334.png,0
neg_img-335.png,0
neg_img-336.png,0
neg_img-337.png,0
neg_img-338.png,0
neg_img-339.png,0
neg_img-340.png,0
neg_img-341.png,0
neg_img-342.png,0
neg_img-343.png,0
neg_img-344.png,0
neg_img-345.png,0
neg_img-346.png,0
neg_img-347.png,0
neg_img-348.png,0
neg_img-349.png,0
neg_img-350.png,0
neg_img-351.png,0
neg_img-352.png,0
neg_img-353.png,0
neg_img-354.png,0
neg_img-355.png,0
neg_img-356.png,0
neg_img-357.png,0
neg_img-358.png,0
neg_img-359.png,0
neg_img-360.png,0
neg_img-361.png,0
neg_img-362.png,0
neg_img-363.png,0
neg_img-364.png,0
neg_img-365.png,0
neg_img-366.png,0
neg_img-367.png,0
neg_img-368.png,0
neg_img-369.png,0
neg_img-370.png,0
neg_img-371.png,0
neg_img-372.png,0
neg_img-373.png,0
neg_img-374.png,0
neg_img-375.png,0
neg_img-376.png,0
neg_img-377.png,0
neg_img-378.png,0
neg_img-379.png,0
neg_img-380.png,0
neg_img-381.png,0
neg_img-382.png,0
neg_img-383.png,0
neg_img-384.png,0
neg_img-385.png,0
neg_img-386.png,0
neg_img-387.png,0
neg_img-388.png,0
neg_img-389.png,0
neg_img-390.png,0
neg_img-391.png,0
neg_img-392.png,0
neg_img-393.png,0
neg_img-394.png,0
neg_img-395.png,0
neg_img-396.png,0
neg_img-397.png,0
neg_img-398.png,0
neg_img-399.png,0
neg_img-400.png,0
neg_img-401.png,0
neg_img-402.png,0
pos_img-0.png,1
pos_img-1.png,1
pos_img-2.png,1
pos_img-3.png,1
pos_img-4.png,1
pos_img-5.png,1
pos_img-6.png,1
pos_img-7.png,1
pos_img-8.png,1
pos_img-9.png,1
pos_img-10.png,1
pos_img-11.png,1
pos_img-12.png,1
pos_img-13.png,1
pos_img-14.png,1
pos_img-15.png,1
pos_img-16.png,1
pos_img-17.png,1
pos_img-18.png,1
pos_img-19.png,1
pos_img-20.png,1
pos_img-21.png,1
pos_img-22.png,1
pos_img-23.png,1
pos_img-24.png,1
pos_img-25.png,1
pos_img-26.png,1
pos_img-27.png,1
pos_img-28.png,1
pos_img-29.png,1
pos_img-30.png,1
pos_img-31.png,1
pos_img-32.png,1
pos_img-33.png,1
pos_img-34.png,1
pos_img-35.png,1
pos_img-36.png,1
pos_img-37.png,1
pos_img-38.png,1
pos_img-39.png,1
pos_img-40.png,1
pos_img-41.png,1
pos_img-42.png,1
pos_img-43.png,1
pos_img-44.png,1
pos_img-45.png,1
pos_img-46.png,1
pos_img-47.png,1
pos_img-48.png,1
pos_img-49.png,1
pos_img-50.png,1
pos_img-51.png,1
pos_img-52.png,1
pos_img-53.png,1
pos_img-54.png,1
pos_img-55.png,1
pos_img-56.png,1
pos_img-57.png,1
pos_img-58.png,1
pos_img-59.png,1
pos_img-60.png,1
pos_img-61.png,1
pos_img-62.png,1
pos_img-63.png,1
pos_img-64.png,1
pos_img-65.png,1
pos_img-66.png,1
pos_img-67.png,1
pos_img-68.png,1
pos_img-69.png,1
pos_img-70.png,1
pos_img-71.png,1
pos_img-72.png,1
pos_img-73.png,1
pos_img-74.png,1
pos_img-75.png,1
pos_img-76.png,1
pos_img-77.png,1
pos_img-78.png,1
pos_img-79.png,1
pos_img-80.png,1
pos_img-81.png,1
pos_img-82.png,1
pos_img-83.png,1
pos_img-84.png,1
pos_img-85.png,1
pos_img-86.png,1
pos_img-87.png,1
pos_img-88.png,1
pos_img-89.png,1
pos_img-90.png,1
pos_img-91.png,1
pos_img-92.png,1
pos_img-93.png,1
pos_img-94.png,1
pos_img-95.png,1
pos_img-96.png,1
pos_img-97.png,1
pos_img-98.png,1
pos_img-99.png,1
pos_img-100.png,1
pos_img-101.png,1
pos_img-102.png,1
pos_img-103.png,1
pos_img-104.png,1
pos_img-105.png,1
pos_img-106.png,1
pos_img-107.png,1
pos_img-108.png,1
pos_img-109.png,1
pos_img-110.png,1
pos_img-111.png,1
pos_img-112.png,1
pos_img-113.png,1
pos_img-114.png,1
pos_img-115.png,1
pos_img-116.png,1
pos_img-117.png,1
pos_img-118.png,1
pos_img-119.png,1
pos_img-120.png,1
pos_img-121.png,1
pos_img-122.png,1
pos_img-123.png,1
pos_img-124.png,1
pos_img-125.png,1
pos_img-126.png,1
pos_img-127.png,1
pos_img-128.png,1
pos_img-129.png,1
pos_img-130.png,1
pos_img-131.png,1
pos_img-132.png,1
pos_img-133.png,1
pos_img-134.png,1
pos_img-135.png,1
pos_img-136.png,1
pos_img-137.png,1
pos_img-138.png,1
pos_img-139.png,1
pos_img-140.png,1
pos_img-141.png,1
pos_img-142.png,1
pos_img-143.png,1
pos_img-144.png,1
pos_img-145.png,1
pos_img-146.png,1
pos_img-147.png,1
pos_img-148.png,1
pos_img-149.png,1
pos_img-150.png,1
pos_img-151.png,1
pos_img-152.png,1
pos_img-153.png,1
pos_img-154.png,1
pos_img-155.png,1
pos_img-156.png,1
pos_img-157.png,1
pos_img-158.png,1
pos_img-159.png,1
pos_img-160.png,1
pos_img-161.png,1
pos_img-162.png,1
pos_img-163.png,1
pos_img-164.png,1
pos_img-165.png,1
pos_img-166.png,1
pos_img-167.png,1
pos_img-168.png,1
pos_img-169.png,1
pos_img-170.png,1
pos_img-171.png,1
pos_img-172.png,1
pos_img-173.png,1
pos_img-174.png,1
pos_img-175.png,1
pos_img-176.png,1
pos_img-177.png,1
pos_img-178.png,1
pos_img-179.png,1
pos_img-180.png,1
pos_img-181.png,1
pos_img-182.png,1
pos_img-183.png,1
pos_img-184.png,1
pos_img-185.png,1
pos_img-186.png,1
pos_img-187.png,1
pos_img-188.png,1
pos_img-189.png,1
pos_img-190.png,1
pos_img-191.png,1
pos_img-192.png,1
pos_img-193.png,1
pos_img-194.png,1
pos_img-195.png,1
pos_img-196.png,1
pos_img-197.png,1
pos_img-198.png,1
pos_img-199.png,1
pos_img-200.png,1
pos_img-201.png,1
pos_img-202.png,1
pos_img-203.png,1
pos_img-204.png,1
pos_img-205.png,1
pos_img-206.png,1
pos_img-207.png,1
pos_img-208.png,1
pos_img-209.png,1
pos_img-210.png,1
pos_img-211.png,1
pos_img-212.png,1
pos_img-213.png,1
pos_img-214.png,1
pos_img-215.png,1
pos_img-216.png,1
pos_img-217.png,1
pos_img-218.png,1
pos_img-219.png,1
pos_img-220.png,1
pos_img-221.png,1
pos_img-222.png,1
pos_img-223.png,1
pos_img-224.png,1
pos_img-225.png,1
pos_img-226.png,1
pos_img-227.png,1
pos_img-228.png,1
pos_img-229.png,1
pos_img-230.png,1
pos_img-231.png,1
pos_img-232.png,1
pos_img-233.png,1
pos_img-234.png,1
pos_img-235.png,1
pos_img-236.png,1
pos_img-237.png,1
pos_img-238.png,1
pos_img-239.png,1
pos_img-240.png,1
pos_img-241.png,1
pos_img-242.png,1
pos_img-243.png,1
pos_img-244.png,1
pos_img-245.png,1
pos_img-246.png,1
pos_img-247.png,1
pos_img-248.png,1
pos_img-249.png,1
pos_img-250.png,1
pos_img-251.png,1
pos_img-252.png,1
pos_img-253.png,1
pos_img-254.png,1
pos_img-255.png,1
pos_img-256.png,1
pos_img-257.png,1
pos_img-258.png,1
pos_img-259.png,1
pos_img-260.png,1
pos_img-261.png,1
pos_img-262.png,1
pos_img-263.png,1
pos_img-264.png,1
pos_img-265.png,1
pos_img-266.png,1
pos_img-267.png,1
pos_img-268.png,1
pos_img-269.png,1
pos_img-270.png,1
pos_img-271.png,1
pos_img-272.png,1
pos_img-273.png,1
pos_img-274.png,1
pos_img-275.png,1
pos_img-276.png,1
pos_img-277.png,1
pos_img-278.png,1
pos_img-279.png,1
pos_img-280.png,1
pos_img-281.png,1
pos_img-282.png,1
pos_img-283.png,1
pos_img-284.png,1
pos_img-285.png,1
pos_img-286.png,1
pos_img-287.png,1
pos_img-288.png,1
pos_img-289.png,1
pos_img-290.png,1
pos_img-291.png,1
pos_img-292.png,1
pos_img-293.png,1
pos_img-294.png,1
pos_img-295.png,1
pos_img-296.png,1
pos_img-297.png,1
pos_img-298.png,1
pos_img-299.png,1
pos_img-300.png,1
pos_img-301.png,1
pos_img-302.png,1
pos_img-303.png,1
pos_img-304.png,1
pos_img-305.png,1
pos_img-306.png,1
pos_img-307.png,1
pos_img-308.png,1
pos_img-309.png,1
pos_img-310.png,1
pos_img-311.png,1
pos_img-312.png,1
pos_img-313.png,1
pos_img-314.png,1
pos_img-315.png,1
pos_img-316.png,1
pos_img-317.png,1
pos_img-318.png,1
pos_img-319.png,1
pos_img-320.png,1
pos_img-321.png,1
pos_img-322.png,1
pos_img-323.png,1
pos_img-324.png,1
pos_img-325.png,1
pos_img-326.png,1
pos_img-327.png,1
pos_img-328.png,1
pos_img-329.png,1
pos_img-330.png,1
pos_img-331.png,1
pos_img-332.png,1
pos_img-333.png,1
pos_img-334.png,1
pos_img-335.png,1
pos_img-336.png,1
pos_img-337.png,1
pos_img-338.png,1
pos_img-339.png,1
pos_img-340.png,1
pos_img-341.png,1
pos_img-342.png,1
pos_img-343.png,1
pos_img-344.png,1
pos_img-345.png,1
pos_img-346.png,1
pos_img-347.png,1
pos_img-348.png,1
pos_img-349.png,1
pos_img-350.png,1
pos_img-351.png,1
pos_img-352.png,1
pos_img-353.png,1
pos_img-354.png,1
pos_img-355.png,1
pos_img-356.png,1
pos_img-357.png,1
pos_img-358.png,1
pos_img-359.png,1
pos_img-360.png,1
pos_img-361.png,1
pos_img-362.png,1
pos_img-363.png,1
pos_img-364.png,1
pos_img-365.png,1
pos_img-366.png,1
pos_img-367.png,1
pos_img-368.png,1
pos_img-369.png,1
pos_img-370.png,1
pos_img-371.png,1
pos_img-372.png,1
pos_img-373.png,1
pos_img-374.png,1
pos_img-375.png,1
pos_img-376.png,1
pos_img-377.png,1
pos_img-378.png,1
pos_img-379.png,1
pos_img-380.png,1
pos_img-381.png,1
pos_img-382.png,1
pos_img-383.png,1
pos_img-384.png,1
pos_img-385.png,1
pos_img-386.png,1
pos_img-387.png,1
pos_img-388.png,1
pos_img-389.png,1
pos_img-390.png,1
pos_img-391.png,1
pos_img-392.png,1
pos_img-393.png,1
pos_img-394.png,1
pos_img-395.png,1
pos_img-396.png,1
pos_img-397.png,1
pos_img-398.png,1
pos_img-399.png,1
pos_img-400.png,1
pos_img-401.png,1
pos_img-402.png,1
pos_img-403.png,1
pos_img-404.png,1
pos_img-405.png,1
pos_img-406.png,1
pos_img-407.png,1
pos_img-408.png,1
pos_img-409.png,1
pos_img-410.png,1
pos_img-411.png,1
pos_img-412.png,1
pos_img-413.png,1
pos_img-414.png,1
pos_img-415.png,1
pos_img-416.png,1
pos_img-417.png,1
pos_img-418.png,1
pos_img-419.png,1
pos_img-420.png,1
pos_img-421.png,1
pos_img-422.png,1
pos_img-423.png,1
pos_img-424.png,1
pos_img-425.png,1
pos_img-426.png,1
pos_img-427.png,1
pos_img-428.png,1
pos_img-429.png,1
pos_img-430.png,1
pos_img-431.png,1
pos_img-432.png,1
pos_img-433.png,1
pos_img-434.png,1
pos_img-435.png,1
pos_img-436.png,1
pos_img-437.png,1
pos_img-438.png,1
pos_img-439.png,1
pos_img-440.png,1
pos_img-441.png,1
pos_img-442.png,1
pos_img-443.png,1
pos_img-444.png,1
pos_img-445.png,1
pos_img-446.png,1
pos_img-447.png,1
pos_img-448.png,1
pos_img-449.png,1
pos_img-450.png,1
pos_img-451.png,1
pos_img-452.png,1
pos_img-453.png,1
pos_img-454.png,1
pos_img-455.png,1
pos_img-456.png,1
pos_img-457.png,1
pos_img-458.png,1
pos_img-459.png,1
pos_img-460.png,1
pos_img-461.png,1
pos_img-462.png,1
pos_img-463.png,1
pos_img-464.png,1
pos_img-465.png,1
pos_img-466.png,1
pos_img-467.png,1
pos_img-468.png,1
pos_img-469.png,1
pos_img-470.png,1
pos_img-471.png,1
pos_img-472.png,1
pos_img-473.png,1
pos_img-474.png,1
pos_img-475.png,1
pos_img-476.png,1
pos_img-477.png,1
pos_img-478.png,1
pos_img-479.png,1
pos_img-480.png,1
pos_img-481.png,1
pos_img-482.png,1
pos_img-483.png,1
pos_img-484.png,1
pos_img-485.png,1
pos_img-486.png,1
pos_img-487.png,1
pos_img-488.png,1
pos_img-489.png,1
pos_img-490.png,1
pos_img-491.png,1
pos_img-492.png,1
pos_img-493.png,1
pos_img-494.png,1
pos_img-495.png,1
pos_img-496.png,1
pos_img-497.png,1
pos_img-498.png,1
pos_img-499.png,1
pos_img-500.png,1
pos_img-501.png,1
pos_img-502.png,1
pos_img-503.png,1
pos_img-504.png,1
pos_img-505.png,1
pos_img-506.png,1
pos_img-507.png,1
pos_img-508.png,1
pos_img-509.png,1
pos_img-510.png,1
pos_img-511.png,1
pos_img-512.png,1
pos_img-513.png,1
pos_img-514.png,1
pos_img-515.png,1
pos_img-516.png,1
pos_img-517.png,1
pos_img-518.png,1
pos_img-519.png,1
pos_img-520.png,1
pos_img-521.png,1
pos_img-522.png,1
pos_img-523.png,1
pos_img-524.png,1
pos_img-525.png,1
pos_img-526.png,1
pos_img-527.png,1
pos_img-528.png,1
pos_img-529.png,1
pos_img-530.png,1
pos_img-531.png,1
pos_img-532.png,1
pos_img-533.png,1
pos_img-534.png,1
pos_img-535.png,1
pos_img-536.png,1
pos_img-537.png,1
pos_img-538.png,1
pos_img-539.png,1
pos_img-540.png,1
pos_img-541.png,1
pos_img-542.png,1
pos_img-543.png,1
pos_img-544.png,1
pos_img-545.png,1
pos_img-546.png,1
pos_img-547.png,1
pos_img-548.png,1
pos_img-549.png,1
pos_img-550.png,1
pos_img-551.png,1
pos_img-552.png,1
pos_img-553.png,1
pos_img-554.png,1
pos_img-555.png,1
pos_img-556.png,1
pos_img-557.png,1
pos_img-558.png,1
pos_img-559.png,1
pos_img-560.png,1
pos_img-561.png,1
pos_img-562.png,1
pos_img-563.png,1
pos_img-564.png,1
pos_img-565.png,1
pos_img-566.png,1
pos_img-567.png,1
pos_img-568.png,1
pos_img-569.png,1
pos_img-570.png,1
pos_img-571.png,1
pos_img-572.png,1
pos_img-573.png,1
pos_img-574.png,1
pos_img-575.png,1
pos_img-576.png,1
pos_img-577.png,1
pos_img-578.png,1
pos_img-579.png,1
pos_img-580.png,1
pos_img-581.png,1
pos_img-582.png,1
pos_img-583.png,1
pos_img-584.png,1
pos_img-585.png,1
pos_img-586.png,1
pos_img-587.png,1
pos_img-588.png,1